segment,customers,avg_recency,avg_frequency,avg_monetary
At Risk,13,93.0,9.0,2374.1884615384615
Champions,1,13.0,14.0,3561.8
Loyal Customers,10,21.7,13.1,3499.9980000000005
Others,19,25.263157894736842,8.31578947368421,2033.895789473684
Potential Loyalist,7,37.857142857142854,11.428571428571429,2823.3642857142854
