,precision,recall,f1-score,support,roc_auc
0,0.73,1.0,0.8439306358381503,73.0,
1,0.0,0.0,0.0,27.0,0.5164890918315577
accuracy,0.73,0.73,0.73,0.73,
macro avg,0.365,0.5,0.42196531791907516,100.0,
weighted avg,0.5329,0.73,0.6160693641618498,100.0,
