,precision,recall,f1-score,support,roc_auc
0,0.7291666666666666,0.958904109589041,0.8284023668639053,73.0,
1,0.25,0.037037037037037035,0.06451612903225806,27.0,
accuracy,0.71,0.71,0.71,0.71,
macro avg,0.4895833333333333,0.49797057331303907,0.44645924794808167,100.0,
weighted avg,0.5997916666666666,0.71,0.6221530826493605,100.0,
overall,,,,,0.45662100456621
